place_name,state,Domestic visitor count,Rating,Foreign visitor count,Domestic visitor count 2020,Domestic visitor count 2021,Domestic visitor count 2022,Foreign visitor count 2020,Foreign visitor count 2021,Foreign visitor count 2022,Visitor Ratio 2020,Visitor Ratio 2021,Visitor Ratio 2022
Tirupati , Andhra Pradesh,379917,4.7,38250,79507,192229,322457,8004,19353,32465,0.1,0.1,0.1
Araku Valley , Andhra Pradesh,284594,3,48237,117243,189912,249670,19872,32189,42317,0.17,0.17,0.17
Visakhapatnam Beaches , Andhra Pradesh,483930,4.2,112489,222941,259203,407499,51822,60251,94722,0.23,0.23,0.23
Borra Caves , Andhra Pradesh,314356,4,31034,100316,237402,267146,9903,23436,26373,0.1,0.1,0.1
Lepakshi , Andhra Pradesh,387586,4.1,73756,124531,251449,359601,23697,47849,68430,0.19,0.19,0.19
Belum Caves , Andhra Pradesh,440270,4.5,95812,76856,308804,426310,16725,67202,92774,0.22,0.22,0.22
Srikalahasti , Andhra Pradesh,276202,4,52319,57149,143431,254939,10825,27169,48291,0.19,0.19,0.19
Konaseema , Andhra Pradesh,397158,4.7,76175,176196,267251,363038,33794,51258,69630,0.19,0.19,0.19
Ananthagiri Hills , Andhra Pradesh,147502,4.8,17011,37660,83806,120140,4343,9665,13855,0.12,0.12,0.12
Amaravati , Andhra Pradesh,472978,2.7,51369,110499,363453,466926,12001,39473,50711,0.11,0.11,0.11
Gandikota , Andhra Pradesh,239939,4.4,32139,118000,187226,232616,15805,25078,31158,0.13,0.13,0.13
Horsley Hills , Andhra Pradesh,148748,4.4,14693,54897,97643,146301,5422,9645,14451,0.1,0.1,0.1
Kakinada , Andhra Pradesh,274690,4.1,38972,67820,200225,226916,9622,28407,32194,0.14,0.14,0.14
Nagarjunakonda , Andhra Pradesh,477954,4.9,51955,144922,256075,437551,15753,27836,47563,0.11,0.11,0.11
Sri Venkateswara National Park , Andhra Pradesh,440028,3.9,66910,179504,234201,416447,27295,35612,63324,0.15,0.15,0.15
Undavalli Caves , Andhra Pradesh,236123,4.7,47234,31652,158706,209529,6331,31747,41914,0.2,0.2,0.2
Mantralayam , Andhra Pradesh,264635,4.2,48392,37970,141834,249871,6943,25936,45692,0.18,0.18,0.18
Kurnool , Andhra Pradesh,248038,4,56508,120155,132714,206355,27373,30235,47011,0.23,0.23,0.23
Ahobilam , Andhra Pradesh,388151,4.7,83215,77280,250737,339209,16568,53755,72722,0.21,0.21,0.21
Papi Kondalu , Andhra Pradesh,401515,4.3,74151,75145,269021,386977,13877,49682,71466,0.18,0.18,0.18
Tawang , Arunachal Pradesh,436068,4.1,33790,50198,222975,368421,3889,17277,28548,0.08,0.08,0.08
Ziro Valley , Arunachal Pradesh,187099,3.7,21213,32311,127091,181571,3663,14409,20586,0.11,0.11,0.11
Bomdila , Arunachal Pradesh,186413,4.3,12018,84715,104115,153432,5461,6712,9891,0.06,0.06,0.06
Itanagar , Arunachal Pradesh,119770,4.8,6274,44794,92033,96610,2346,4821,5060,0.05,0.05,0.05
Sela Pass , Arunachal Pradesh,211442,4.9,49410,46711,121853,188903,10915,28474,44143,0.23,0.23,0.23
Namdapha National Park , Arunachal Pradesh,350395,4,67421,117860,243980,341409,22678,46945,65692,0.19,0.19,0.19
Dirang , Arunachal Pradesh,169919,4.4,37880,43182,114217,162492,9626,25462,36224,0.22,0.22,0.22
Pasighat , Arunachal Pradesh,339259,3.8,34442,167761,247630,278422,17031,25139,28265,0.1,0.1,0.1
Mechuka , Arunachal Pradesh,268238,4,17597,42139,199008,264246,2764,13055,17335,0.07,0.07,0.07
Roing , Arunachal Pradesh,281650,4.8,31423,135464,199758,261048,15113,22286,29124,0.11,0.11,0.11
Bhalukpong , Arunachal Pradesh,265964,3.8,30301,50192,173819,260503,5718,19803,29678,0.11,0.11,0.11
Anini , Arunachal Pradesh,393476,4.8,24277,135776,313572,349780,8377,19347,21581,0.06,0.06,0.06
Pakhui Wildlife Sanctuary , Arunachal Pradesh,106938,4.7,12275,31153,76184,96058,3575,8744,11026,0.11,0.11,0.11
Gorsam Chorten , Arunachal Pradesh,487432,3.8,0,70384,129963,249777,14139,26107,50176,0.2,0.2,0.2
Talley Valley Wildlife Sanctuary , Arunachal Pradesh,313066,4.8,23515,53910,178296,297161,4049,13392,22320,0.08,0.08,0.08
Malinithan Temple , Arunachal Pradesh,230664,4.2,12838,101836,162940,197018,5667,9068,10965,0.06,0.06,0.06
Parashuram Kund , Arunachal Pradesh,157434,3.9,28008,18796,109128,141336,3343,19414,25144,0.18,0.18,0.18
Nuranang Waterfalls , Arunachal Pradesh,263552,4.2,35078,94342,207330,258463,12556,27595,34400,0.13,0.13,0.13
Jaswant Garh War Memorial , Arunachal Pradesh,122181,3.8,19928,12839,69715,99693,2094,11370,16260,0.16,0.16,0.16
Mouling National Park , Arunachal Pradesh,220449,4.3,26750,59035,115516,178091,7163,14017,21610,0.12,0.12,0.12
Kaziranga National Park , Assam,389339,3.9,37720,57332,201726,375118,5554,19543,36342,0.1,0.1,0.1
Majuli Island , Assam,294759,4.1,37038,91043,184398,291787,11440,23170,36664,0.13,0.13,0.13
Guwahati , Assam,229506,4.3,27725,72753,158677,194818,8788,19168,23534,0.12,0.12,0.12
Manas National Park , Assam,348778,4.1,61878,124939,256031,309696,22166,45423,54944,0.18,0.18,0.18
Sivasagar , Assam,382577,4.5,35194,104956,203392,344777,9655,18710,31716,0.09,0.09,0.09
Haflong , Assam,253275,4.6,40413,33405,158481,235744,5330,25287,37615,0.16,0.16,0.16
Kamakhya Temple , Assam,426725,4.9,39979,157058,326101,342134,14714,30551,32053,0.09,0.09,0.09
Tezpur , Assam,217862,4.3,20172,50702,168553,209544,4694,15606,19401,0.09,0.09,0.09
Hajo , Assam,265273,3.2,23471,108589,174618,261107,9607,15450,23102,0.09,0.09,0.09
Dibrugarh , Assam,124794,4.3,13835,43870,84989,103808,4863,9422,11508,0.11,0.11,0.11
Barpeta , Assam,362153,4.1,54337,78139,274455,332677,11723,41178,49914,0.15,0.15,0.15
Orang National Park , Assam,298171,4.1,54764,37448,208112,284197,6878,38223,52197,0.18,0.18,0.18
Dipor Bil , Assam,365485,4.5,33942,157055,263954,354867,14585,24513,32955,0.09,0.09,0.09
Jorhat , Assam,391248,4,52442,133093,227060,341225,17839,30434,45737,0.13,0.13,0.13
Charaideo , Assam,116364,3.9,19304,57359,62388,103458,9515,10349,17163,0.17,0.17,0.17
Digboi , Assam,394221,4.4,36116,98103,217796,337108,8987,19953,30883,0.09,0.09,0.09
Umananda Island , Assam,471782,4.9,29446,157563,273316,379385,9834,17058,23679,0.06,0.06,0.06
Kakochang Waterfall , Assam,120716,4.5,8425,16100,96255,99732,1123,6717,6960,0.07,0.07,0.07
Pobitora Wildlife Sanctuary , Assam,480053,4.4,65311,76750,371801,416936,10441,50583,56724,0.14,0.14,0.14
Sualkuchi , Assam,455388,3.9,65008,190903,238808,376037,27252,34090,53680,0.14,0.14,0.14
Bodh Gaya , Bihar,468905,3.9,100397,174135,273544,449843,37283,58568,96315,0.21,0.21,0.21
Nalanda University , Bihar,427220,4,30226,182644,329280,386497,12922,23296,27344,0.07,0.07,0.07
Rajgir , Bihar,199064,4.9,23172,94541,115449,177919,11005,13438,20710,0.12,0.12,0.12
Vaishali , Bihar,209044,3.7,39072,23351,154158,203846,4364,28813,38100,0.19,0.19,0.19
Patna Sahib Gurudwara , Bihar,187763,3.8,17457,41383,106753,157387,3847,9925,14632,0.09,0.09,0.09
Mahabodhi Temple , Bihar,211895,3.8,15833,32643,118106,209615,2439,8825,15662,0.07,0.07,0.07
Vishnupad Temple , Bihar,370819,4.9,63862,143561,281037,357365,24724,48399,61545,0.17,0.17,0.17
Pawapuri , Bihar,105933,4,19234,17296,83816,101769,3140,15218,18478,0.18,0.18,0.18
Barabar Caves , Bihar,283005,4.3,51196,133570,143345,227750,24163,25931,41200,0.18,0.18,0.18
Vikramshila Ruins , Bihar,177656,3.7,27628,54614,110546,173598,8493,17191,26997,0.16,0.16,0.16
Sasaram , Bihar,165742,4.8,9198,28194,83254,137720,1564,4620,7642,0.06,0.06,0.06
Madhubani , Bihar,193100,5,14844,54429,99328,174888,4184,7635,13444,0.08,0.08,0.08
Maner Sharif , Bihar,446273,4.3,79664,84464,277646,404048,15077,49562,72126,0.18,0.18,0.18
Valmiki National Park , Bihar,421470,4.1,77162,110621,318025,381960,20252,58223,69928,0.18,0.18,0.18
Navlakha Palace , Bihar,114200,4.7,11007,56307,71539,94792,5427,6895,9136,0.1,0.1,0.1
Kesariya Stupa , Bihar,333784,3.8,66676,133920,195340,308536,26751,39020,61632,0.2,0.2,0.2
Bhagalpur , Bihar,255908,4.2,15199,116527,142566,222403,6920,8467,13209,0.06,0.06,0.06
Muzaffarpur , Bihar,323300,4.4,41560,130772,165809,308744,16810,21314,39688,0.13,0.13,0.13
Sitamarhi , Bihar,256749,4.4,46780,86435,148265,231223,15748,27014,42129,0.18,0.18,0.18
Rohtasgarh Fort , Bihar,412363,4.3,78018,85774,312306,349005,16228,59087,66030,0.19,0.19,0.19
Chitrakote Waterfalls , Chhattisgarh,0,4.2,0,132795,312471,421332,13574,31940,,0.1,,0.1
Kanger Valley National Park , Chhattisgarh,151987,4.7,17136,20034,101472,138830,2258,11440,15652,0.11,0.11,0.11
Bastar , Chhattisgarh,318224,4.1,18293,143031,192292,308374,8222,11053,17726,0.06,0.06,0.06
Raipur , Chhattisgarh,101682,3.6,7835,15005,57955,94147,1156,4465,7254,0.08,0.08,0.08
Barnawapara Wildlife Sanctuary , Chhattisgarh,147318,5,33783,60978,92347,120748,13983,21177,27690,0.23,0.23,0.23
Bhoramdeo Temple , Chhattisgarh,300192,4.3,57137,133123,196771,273438,25338,37452,52044,0.19,0.19,0.19
Sirpur , Chhattisgarh,476412,3.7,29959,236491,249904,463285,14871,15715,29133,0.06,0.06,0.06
Dhamtari , Chhattisgarh,362700,4,24110,44117,281058,358505,2932,18682,23831,0.07,0.07,0.07
Bilaspur , Chhattisgarh,182383,4.7,13359,48712,125640,167532,3568,9202,12271,0.07,0.07,0.07
Achanakmar Wildlife Sanctuary , Chhattisgarh,391882,3.8,88619,80656,211847,364918,18239,47906,82521,0.23,0.23,0.23
Rajim , Chhattisgarh,307331,4.3,37251,43554,183879,251172,5279,22287,30444,0.12,0.12,0.12
Jatmai Temple , Chhattisgarh,278844,4.7,24847,80934,155883,235203,7211,13890,20958,0.09,0.09,0.09
Amarkantak , Chhattisgarh,424659,4.8,46740,100588,265919,408678,11071,29268,44981,0.11,0.11,0.11
Dantewada , Chhattisgarh,338119,4.9,42664,73435,265606,273694,9266,33514,34534,0.13,0.13,0.13
Kawardha Palace , Chhattisgarh,312779,4,47883,125319,223276,281164,19185,34181,43043,0.15,0.15,0.15
Mainpat , Chhattisgarh,110349,4.1,24801,54045,75478,110169,12146,16963,24760,0.22,0.22,0.22
Tirathgarh Waterfalls , Chhattisgarh,272435,4.6,30883,31470,141095,258859,3567,15994,29344,0.11,0.11,0.11
Mahamaya Temple , Chhattisgarh,293843,4,29764,133098,181303,263944,13481,18364,26735,0.1,0.1,0.1
Bhilai , Chhattisgarh,336176,4.8,63959,142606,250873,286666,27131,47729,54539,0.19,0.19,0.19
Kailash Caves , Chhattisgarh,217271,4.9,18268,102633,147757,207193,8629,12423,17420,0.08,0.08,0.08
Baga Beach , Goa,161148,4.8,15520,47317,117293,135701,4557,11296,13069,0.1,0.1,0.1
Calangute Beach , Goa,355159,3.8,52762,101897,280574,294090,15137,41681,43689,0.15,0.15,0.15
Anjuna Beach , Goa,389603,3.8,89372,99051,234896,326001,22721,53883,74782,0.23,0.23,0.23
Dudhsagar Waterfalls , Goa,132512,5,15820,31103,91496,128728,3713,10923,15368,0.12,0.12,0.12
Basilica of Bom Jesus , Goa,284182,4.2,28455,137114,150902,233926,13729,15109,23422,0.1,0.1,0.1
Aguada Fort , Goa,137151,4.1,8717,49443,80791,119046,3142,5134,7566,0.06,0.06,0.06
Chapora Fort , Goa,185255,4.2,36039,48642,93554,169884,9462,18199,33048,0.19,0.19,0.19
Palolem Beach , Goa,233033,4.3,47935,87114,170328,193780,17919,35036,39860,0.21,0.21,0.21
Colva Beach , Goa,362916,4.2,72101,127895,192347,303782,25409,38213,60352,0.2,0.2,0.2
Dona Paula , Goa,115696,4.8,10267,31824,74112,112477,2824,6576,9981,0.09,0.09,0.09
Candolim Beach , Goa,187996,4.7,31353,52802,145208,180003,8806,24217,30019,0.17,0.17,0.17
Salim Ali Bird Sanctuary , Goa,430200,4.5,70898,184845,282925,373736,30463,46626,61592,0.16,0.16,0.16
Se Cathedral , Goa,448328,3.9,52848,185521,333763,405547,21868,39343,47805,0.12,0.12,0.12
Bhagwan Mahavir Wildlife Sanctuary , Goa,344643,3.9,34045,117326,195278,326176,11589,19290,32220,0.1,0.1,0.1
Mollem National Park , Goa,412207,3.9,88350,81200,300153,394537,17404,64333,84562,0.21,0.21,0.21
Reis Magos Fort , Goa,484979,3.8,33079,187061,268817,402159,12758,18335,27430,0.07,0.07,0.07
St. Augustine Tower , Goa,281868,4,20567,57178,169698,232500,4172,12382,16964,0.07,0.07,0.07
Arvalem Caves , Goa,131466,4.3,28623,61301,67688,121493,13346,14737,26451,0.22,0.22,0.22
Shri Mangueshi Temple , Goa,177309,4.7,30960,50697,99980,162579,8852,17457,28388,0.17,0.17,0.17
Divar Island , Goa,492280,4.1,66663,121067,279437,461439,16394,37840,62486,0.14,0.14,0.14
Gir National Park , Gujarat,322364,3.8,31367,113001,221938,289160,10995,21595,28136,0.1,0.1,0.1
Rann of Kutch , Gujarat,243657,4.6,19301,114368,133971,199579,9059,10612,15809,0.08,0.08,0.08
Somnath Temple , Gujarat,469930,4.2,93109,92929,250526,433765,18412,49637,85943,0.2,0.2,0.2
Dwarka , Gujarat,108484,4.5,10624,11506,70857,106327,1126,6939,10412,0.1,0.1,0.1
Sabarmati Ashram , Gujarat,457160,4,65992,150677,238989,383686,21750,34498,55386,0.14,0.14,0.14
Ahmedabad , Gujarat,235034,4.4,46851,56716,119512,232529,11305,23823,46351,0.2,0.2,0.2
Lothal , Gujarat,240668,4.8,52738,70560,147124,237476,15462,32239,52038,0.22,0.22,0.22
, Gujarat,149988,4.3,23367,16795,100759,146522,2616,15697,22827,0.16,0.16,0.16
Palitana Temples , Gujarat,269653,3.8,38990,36439,185866,268365,5268,26875,38803,0.14,0.14,0.14
Rani ki Vav , Gujarat,182468,3.9,32335,61803,129522,161206,10952,22952,28567,0.18,0.18,0.18
Saputara , Gujarat,153540,4.6,13499,21059,101806,144445,1851,8950,12699,0.09,0.09,0.09
Mandvi Beach , Gujarat,127680,4.5,9771,23582,72909,119207,1804,5579,9122,0.08,0.08,
Bhuj , Gujarat,182695,4.7,18564,87845,135877,153224,8926,13806,15569,0.1,0.1,0.1
Modhera Sun Temple , Gujarat,247211,4.9,55529,102388,165911,199562,22998,37267,44826,0.22,0.22,0.22
Nal Sarovar Bird Sanctuary , Gujarat,369808,3.8,84200,143122,209359,318822,32586,47668,72591,0.23,0.23,0.23
Champaner-Pavagadh Archaeological Park , Gujarat,345086,4,75831,74147,209297,336834,16293,45992,74017,0.22,0.22,0.22
Sardar Vallabhbhai Patel Statue , Gujarat,440867,4.3,86277,86684,321830,360683,16963,62981,70585,0.2,0.2,0.2
Patan , Gujarat,192271,3.7,31646,73909,105636,170201,12164,17386,28013,0.16,0.16,0.16
Diu Island , Gujarat,137501,4.1,12126,13919,,127908,1227,6130,11280,0.09,0.09,0.09
Marine National Park , Gujarat,222710,3.9,20365,57891,119071,194381,5293,10888,17774,0.09,0.09,0.09
Kurukshetra , Haryana,424558,4.3,50942,72919,240774,359685,8749,28890,43158,0.12,0.12,0.12
Panipat , Haryana,124204,3.9,24861,25272,64978,105407,5058,13006,21098,0.2,0.2,0.2
Sultanpur Bird Sanctuary , Haryana,329511,3.7,39268,57173,204836,315886,6813,24410,37644,0.12,0.12,0.12
Morni Hills , Haryana,250692,4.8,19295,71842,176221,245220,5529,13563,18873,0.08,0.08,0.08
Pinjore Gardens ,,330381,4.3,26989,144722,173894,278159,11822,14205,22723,0.08,0.08,0.08
Surajkund , Haryana,265722,4,28263,123484,195577,251749,13134,20802,26776,0.11,0.11,0.11
Bhindawas Lake , Haryana,370810,4.8,82500,115496,199245,347306,25696,44329,77270,0.22,0.22,0.22
Karnal Lake , Haryana,260510,4.7,16259,57912,131802,211074,3614,8226,13173,0.06,0.06,0.06
Gurugram , Haryana,195716,4.5,44331,91411,105399,166436,20705,23873,37698,0.23,0.23,0.23
Brahma Sarovar , Haryana,100348,4.9,21423,32270,71371,88788,6889,15236,18955,0.21,0.21,0.21
Hathni Kund Barrage , Haryana,174743,4.8,14503,25513,125581,158047,2117,10422,13117,0.08,0.08,0.08
Kalesar National Park , Haryana,401986,4.3,52102,46219,295005,371770,5990,38236,48185,0.13,0.13,0.13
Faridabad , Haryana,474017,4.1,45608,158786,377794,411557,15277,36349,39598,0.1,0.1,0.1
Jhajjar , Haryana,263661,3.8,27749,127567,208258,244884,13425,21918,25772,0.11,0.11,0.11
Yadavindra Gardens , Haryana,280543,4.5,62972,135683,202553,243985,30456,45466,54766,0.22,0.22,0.22
Bhadkal Lake , Haryana,374430,4.3,86477,42011,209675,333340,9702,48425,76987,0.23,0.23,0.23
Panchkula ,,465893,4.3,107581,143762,268653,429777,33196,62035,99241,0.23,0.23,0.23
Feroz Shah's Tomb , Haryana,123237,4.9,21168,15275,73848,117750,2623,12684,20225,0.17,0.17,0.17
Ambala , Haryana,329542,3.8,22574,161194,226518,324025,11042,15516,22196,0.07,0.07,0.07
Sheesh Mahal , Haryana,249846,4.6,40110,120134,190178,226492,19286,30530,36360,0.16,0.16,0.16
Manali , Himachal Pradesh,323863,4.8,30095,102013,190923,317105,9479,17741,29467,0.09,0.09,0.09
Shimla , Himachal Pradesh,253289,4.4,36889,104025,191259,248001,15150,27855,36118,0.15,0.15,0.15
Dharamshala , Himachal Pradesh,104622,3.7,12516,21704,74933,97665,2596,8964,11683,0.12,0.12,0.12
Dalhousie , Himachal Pradesh,342371,4.5,41811,142986,212527,341601,17461,25954,41717,0.12,0.12,0.12
Kullu , Himachal Pradesh,167881,4.2,13175,25207,129093,158098,1978,10131,12407,0.08,0.08,0.08
Spiti Valley , Himachal Pradesh,329100,3.9,31289,50171,260147,322214,4769,24733,30634,0.1,0.1,0.1
Rohtang Pass , Himachal Pradesh,347374,4.3,53708,92948,265863,298211,14370,41105,46106,0.15,0.15,0.15
Kasol , Himachal Pradesh,363176,3.8,32169,104912,276862,357107,9292,24523,31631,0.09,0.09,0.09
Khajjiar , Himachal Pradesh,202444,4.4,18273,66124,101933,178469,5968,9200,16109,0.09,0.09,0.09
Kufri , Himachal Pradesh,416433,5,78510,196888,299743,379669,37119,56510,71579,0.19,0.19,0.19
Solang Valley , Himachal Pradesh,369634,4.1,83718,153889,232530,342622,34854,52665,77600,0.23,0.23,0.23
McLeod Ganj , Himachal Pradesh,497663,4.4,95009,134186,326080,492986,25617,62252,94116,0.19,0.19,0.19
Chamba , Himachal Pradesh,273577,4,24780,89483,148861,220138,8105,13483,19939,0.09,0.09,0.09
Narkanda ,,336290,4.1,47420,79731,174703,319662,11242,24634,45075,0.14,0.14,0.14
Hampta Pass , Himachal Pradesh,255920,4.8,25895,47706,161547,236270,4827,16346,23906,0.1,0.1,0.1
Tirthan Valley , Himachal Pradesh,451266,3.7,45143,136097,278205,390055,13614,27830,39019,0.1,,0.1
Kinnaur , Himachal Pradesh,391552,3.8,74557,184566,309622,324182,35144,58956,61728,0.19,0.19,0.19
Great Himalayan National Park , Himachal Pradesh,295099,4.2,17473,112694,219626,236527,6672,13004,14004,0.06,0.06,0.06
Bir Billing , Himachal Pradesh,215366,5,39368,24543,150821,179319,4486,27569,32778,0.18,0.18,0.18
Malana , Himachal Pradesh,429166,4.4,32569,75371,315101,413842,5719,23912,31406,0.08,0.08,0.08
Ranchi , Jharkhand,426851,4,64491,77295,224576,408478,11678,33930,61715,0.15,0.15,0.15
Jamshedpur , Jharkhand,308201,4.2,18035,49801,190474,292584,2914,11146,17121,0.06,0.06,0.06
Deoghar , Jharkhand,206982,4.3,16801,78971,146300,194310,6410,11875,15772,0.08,0.08,0.08
Hazaribagh , Jharkhand,105391,4.5,8480,49670,62469,102848,3996,5026,8275,0.08,0.08,0.08
Netarhat , Jharkhand,364685,4.4,36107,39722,214334,359666,3932,21220,35610,0.1,0.1,0.1
Betla National Park , Jharkhand,454048,3.7,105662,87244,335934,404518,20302,78175,94136,0.23,0.23,0.23
Parasnath Hills , Jharkhand,228859,4.5,31897,83347,180736,212580,11616,25189,29628,0.14,0.14,0.14
Palamu Fort , Jharkhand,200770,4.5,35530,56139,111696,192310,9934,19766,34032,0.18,0.18,0.18
Bokaro Steel City , Jharkhand,215211,4.3,31927,70739,158100,204145,10494,23454,30285,0.15,0.15,0.15
Dhanbad , Jharkhand,397741,4.6,33608,111159,273493,353360,9392,23109,29857,0.08,0.08,0.08
Patratu Valley , Jharkhand,266696,4,61853,43576,174991,236028,10106,40584,54740,0.23,0.23,0.23
Hundru Falls , Jharkhand,204991,4.2,42747,21372,124134,171759,4456,25885,35817,0.21,0.21,0.21
Dassam Falls , Jharkhand,310969,4.4,57787,39323,226216,284055,7307,42037,52785,0.19,0.19,0.19
Sun Temple , Jharkhand,305709,4.8,55472,141917,177268,274186,25751,32165,49752,0.18,0.18,0.18
Maithon Dam , Jharkhand,484315,4.5,58984,203780,281864,428633,24818,34327,52202,0.12,0.12,0.12
Shikharji , Jharkhand,414301,4.7,35132,177231,233034,374901,15028,19760,31790,0.08,0.08,0.08
Johna Falls , Jharkhand,252570,4.4,45651,40572,162257,241890,7333,29327,43720,0.18,0.18,0.18
Chandil Dam , Jharkhand,413249,4.9,37064,202652,298303,343428,18175,26754,30801,0.09,0.09,0.09
Tagore Hill , Jharkhand,310659,5,25033,143767,196731,272793,11584,15852,21981,0.08,0.08,0.08
Giridih , Jharkhand,318736,4,58003,68632,185566,263724,12489,33769,47992,0.18,0.18,0.18
Bangalore , Karnataka,404458,4.1,61706,120658,241727,377077,18408,36879,57528,0.15,0.15,0.15
Mysore , Karnataka,487432,4.1,0,85937,152894,228113,7131,12687,18928,0.08,0.08,0.08
Hampi , Karnataka,165017,4.5,38601,18270,84559,132208,4273,19780,30926,0.23,0.23,0.23
Coorg , Karnataka,203245,4.9,37432,53165,152052,186041,9791,28003,34263,0.18,0.18,0.18
Gokarna , Karnataka,303951,4.4,20378,138384,178433,284100,9277,11962,19047,0.07,0.07,0.07
Jog Falls , Karnataka,0,4.7,141638,47596,121877,189607,11018,28213,43892,0.23,0.23,0.23
Chikmagalur , Karnataka,138987,4.4,19583,65594,79203,121157,9242,11159,17070,0.14,0.14,0.14
Badami , Karnataka,355882,4.2,34618,48551,182956,347740,4722,17796,33825,0.1,0.1,0.1
Bijapur , Karnataka,133253,4.6,12619,18408,99489,128925,1743,9421,12209,0.09,0.09,0.09
Udupi , Karnataka,376495,5,40746,186246,288215,364570,20156,31191,39455,0.11,0.11,0.11
Belur , Karnataka,264678,4.3,20940,26719,157953,234881,2113,12496,18582,0.08,0.08,0.08
Halebidu , Karnataka,409687,3.7,44831,114938,276998,337135,12577,30311,36891,0.11,0.11,0.11
Murudeshwar , Karnataka,241848,4.5,32767,115809,165081,210024,15690,22366,28455,0.14,0.14,0.14
Bandipur National Park , Karnataka,482079,3.9,35339,136452,361969,468746,10002,26534,34361,0.07,0.07,0.07
Ranganathittu Bird Sanctuary , Karnataka,0,4.7,141638,180916,317324,320559,31832,55834,56403,0.18,0.18,0.18
Karwar , Karnataka,352629,3.8,22167,117640,222178,349318,7395,13966,21958,0.06,0.06,0.06
Kudremukh , Karnataka,426010,4.8,84184,96647,334368,423133,19098,66074,83615,0.2,0.2,0.2
Shravanabelagola , Karnataka,418305,3.8,42264,166148,262326,343442,16786,26504,34700,0.1,0.1,0.1
Kabini , Karnataka,470766,4.1,72360,176135,324687,398126,27073,49906,61194,0.15,0.15,0.15
Sakleshpur , Karnataka,497733,4.6,88849,242400,270697,483798,43270,48321,86361,0.18,0.18,0.18
Munnar , Kerala,370256,4.4,36908,156429,207657,302248,15593,20699,30128,0.1,0.1,0.1
Alleppey , Kerala,261744,4.4,42845,35934,138285,239285,5882,22636,39168,0.16,0.16,0.16
Thekkady , Kerala,275508,4.7,58289,33874,148887,239255,7166,31500,50618,0.21,0.21,0.21
Wayanad , Kerala,111298,4.3,15129,25080,74865,107210,3409,10176,14573,0.14,0.14,0.14
Kovalam , Kerala,395173,4.2,27178,102559,304395,350361,7053,20934,24096,0.07,0.07,0.07
Kumarakom , Kerala,411982,4.7,34513,53397,320595,363276,4473,26857,30432,0.08,0.08,0.08
Kochi , Kerala,393563,4.6,62192,40616,241499,386611,6418,38162,61093,0.16,0.16,0.16
Varkala , Kerala,365540,4.7,41280,155190,246799,356621,17525,27870,40272,0.11,0.11,
Thrissur , Kerala,140162,4.4,16212,42924,72066,125358,4964,8335,14499,0.12,0.12,0.12
Kozhikode , Kerala,319173,4.8,27616,151321,184317,284126,13092,15947,24583,0.09,0.09,0.09
Bekal , Kerala,189204,3.8,16885,52341,128422,188014,4671,11460,16778,0.09,0.09,0.09
Vagamon , Kerala,275180,4.1,29965,104050,201517,244923,11330,21943,26670,0.11,0.11,0.11
Ponmudi , Kerala,218346,4.9,24565,68690,152828,183262,7728,17193,20617,0.11,0.11,0.11
Kollam , Kerala,473259,4,69777,67884,251172,428410,10008,37032,63164,0.15,0.15,0.15
Athirapally Waterfalls , Kerala,350931,4.5,82112,102607,227200,306067,24008,53161,71614,0.23,0.23,0.23
Malampuzha , Kerala,396059,3.7,70572,57418,275759,379686,10231,49136,67654,0.18,0.18,0.18
Periyar National Park , Kerala,312824,4.4,72506,57878,201834,251212,13415,46780,58225,0.23,0.23,0.23
Guruvayur Temple , Kerala,348442,4.4,46861,44999,219573,308010,6051,29529,41423,0.13,0.13,0.13
Silent Valley National Park , Kerala,487432,4.2,141638,110419,201798,250868,13593,24842,30883,0.12,0.12,0.12
Marari Beach , Kerala,351971,4.3,22726,115985,252979,342136,7488,16334,22091,0.06,0.06,0.06
Khajuraho , Madhya Pradesh,415108,3.8,86695,75210,323680,362597,15707,67600,75728,0.21,0.21,0.21
Kanha National Park , Madhya Pradesh,322437,4.3,55796,32628,193103,298386,5646,33415,51634,0.17,0.17,0.17
Bandhavgarh National Park , Madhya Pradesh,275058,4.2,47243,61782,182591,234590,10611,31361,40292,0.17,0.17,0.17
Gwalior , Madhya Pradesh,316904,4.1,40887,58787,227042,273136,7584,29292,35240,0.13,0.13,0.13
Bhopal , Madhya Pradesh,177138,4.9,27779,20963,114852,160603,3287,18011,25186,0.16,0.16,0.16
Sanchi , Madhya Pradesh,186203,3.9,12405,54348,108565,153038,3620,7232,10195,0.07,0.07,0.07
Ujjain , Madhya Pradesh,251229,4.5,55633,90258,141784,231954,19987,31397,51364,0.22,0.22,0.22
Pachmarhi , Madhya Pradesh,290388,4.1,17798,46705,185547,248642,2862,11372,15239,0.06,0.06,0.06
Mandu , Madhya Pradesh,428914,4.8,77866,105725,295829,367562,19193,53705,66728,0.18,0.18,0.18
Jabalpur , Madhya Pradesh,293561,4.2,52055,86394,168883,266884,15319,29946,47324,0.18,0.18,0.18
Bhimbetka , Madhya Pradesh,489798,4.7,24880,83205,344717,484882,4226,17510,24630,0.05,0.05,0.05
Orchha , Madhya Pradesh,478237,4.6,80553,155266,303289,418174,26152,51085,70436,0.17,0.17,0.17
Pench National Park , Madhya Pradesh,261684,3.8,56067,120629,163818,247673,25845,35098,53065,0.21,0.21,0.21
Omkareshwar , Madhya Pradesh,229319,4.2,50063,80505,154056,200211,17575,33632,43708,0.22,0.22,0.22
Amarkantak , Madhya Pradesh,480401,4.6,47075,109238,353641,436082,10704,34653,42732,0.1,0.1,0.1
Maheshwar , Madhya Pradesh,315988,4.2,61869,86455,230807,254659,16927,45191,49861,0.2,0.2,0.2
Panna National Park , Madhya Pradesh,256559,4.8,37035,66881,173403,236691,9654,25031,34167,0.14,0.14,0.14
Shivpuri , Madhya Pradesh,280828,3.8,18459,38081,207025,279227,2503,13607,18353,0.07,0.07,0.07
Chitrakoot , Madhya Pradesh,133722,4.6,24587,29164,101083,110252,5362,18585,20271,0.18,0.18,0.18
Satpura National Park , Madhya Pradesh,348517,4.9,20077,159195,215682,290175,9170,12424,16716,0.06,0.06,0.06
Mumbai , Maharashtra,161716,4.5,35357,40976,81258,129544,8959,17766,28323,0.22,0.22,0.22
Pune , Maharashtra,290505,4.6,51684,42717,213261,263071,7599,37941,46803,0.18,0.18,0.18
Ajanta Caves , Maharashtra,487432,4.6,0,104008,262707,323446,20994,53029,65289,0.2,0.2,0.2
Ellora Caves , Maharashtra,319995,4.2,63234,141127,233538,261689,27888,46149,51712,0.2,0.2,0.2
Shirdi , Maharashtra,263842,4.6,18480,35630,174269,252325,2495,12206,17673,0.07,0.07,0.07
Mahabaleshwar , Maharashtra,141895,4.1,21748,19000,81229,122684,2912,12449,18803,0.15,0.15,0.15
Lonavala , Maharashtra,401395,5,45910,120088,264394,327136,13735,30240,37416,0.11,0.11,0.11
Alibaug , Maharashtra,406902,4.5,69425,97758,323682,330135,16679,55226,56327,0.17,0.17,0.17
Nashik , Maharashtra,0,4.5,0,74639,102476,158483,15726,21591,33391,0.21,0.21,0.21
Aurangabad , Maharashtra,441004,3.8,23857,66149,244912,372910,3578,13249,20173,0.05,0.05,0.05
Matheran , Maharashtra,301875,4.1,17569,69491,164511,241708,4044,9574,14067,0.06,0.06,0.06
Kolhapur , Maharashtra,409230,4.5,29689,109130,319903,367133,7917,23208,26634,0.07,0.07,0.07
Ratnagiri , Maharashtra,195847,4.1,41736,44198,151426,183061,9419,32269,39011,0.21,0.21,0.21
Tadoba National Park , Maharashtra,104448,4.1,7933,41135,64064,99917,3124,4865,7588,0.08,0.08,0.08
Sindhudurg , Maharashtra,348210,5,56936,106234,239425,335603,17370,39148,54874,0.16,0.16,0.16
Lavasa , Maharashtra,372207,4.8,52829,183843,245749,337923,26093,34880,47962,0.14,0.14,0.14
Panchgani , Maharashtra,307471,4.4,55988,68993,197099,256104,12563,35890,46634,0.18,0.18,0.18
Raigad Fort , Maharashtra,254208,4.4,13285,39758,156042,241619,2077,8154,12627,0.05,0.05,0.05
Elephanta Caves , Maharashtra,286154,4.4,48477,74098,208077,271982,12552,35250,46076,0.17,0.17,0.17
Ganpatipule , Maharashtra,191913,4.4,41340,69095,112021,176253,14883,24130,37966,0.22,0.22,0.22
Imphal , Manipur,393791,4.6,60560,165787,240818,385749,25495,37034,59323,0.15,0.15,0.15
Loktak Lake , Manipur,394108,3.8,85623,67528,304506,354671,14671,66156,77055,0.22,0.22,0.22
Moirang , Manipur,418878,4.6,48254,123227,239337,353025,14195,27571,40667,0.12,0.12,0.12
Andro , Manipur,390987,4.6,77246,170842,220239,339619,33752,43511,67097,0.2,0.2,0.2
Ukhrul , Manipur,118147,4.3,12514,28868,84442,99703,3057,8944,10560,0.11,0.11,0.11
Thoubal , Manipur,312958,4.2,40722,105359,221475,251941,13709,28818,32782,0.13,0.13,0.13
Chandel , Manipur,127825,4.1,13679,55055,69466,107992,5891,7433,11556,0.11,0.11,0.11
Kangla Fort , Manipur,128579,3.9,19032,13365,95690,121928,1978,14163,18047,0.15,0.15,0.15
Khongjom War Memorial , Manipur,178502,3.7,30889,77261,122549,165729,13369,21206,28678,0.17,0.17,0.17
Keibul Lamjao National Park , Manipur,207677,3.8,23131,62786,151061,190736,6993,16825,21244,0.11,0.11,0.11
Sendra Island , Manipur,313521,4.8,31729,75920,249593,253947,7683,25259,25700,0.1,0.1,0.1
Sekta Archaeological Site , Manipur,171101,4.5,23895,68326,111475,139809,9542,15568,19524,0.14,0.14,0.14
Sirohi National Park , Manipur,444427,4.5,87741,162755,278800,408648,32131,55042,80677,0.2,0.2,0.2
Moreh , Manipur,278404,4.6,19949,96012,161035,240539,6879,11538,17235,0.07,0.07,0.07
Phubala , Manipur,363112,4.5,42636,109041,268096,330594,12803,31479,38817,0.12,0.12,0.12
Tamenglong , Manipur,383754,4,60067,126465,302591,365468,19795,47363,57204,0.16,0.16,0.16
Leimapokpam , Manipur,263408,4.9,58670,28667,206271,212824,6385,45943,47403,0.22,0.22,0.22
Tharon Cave , Manipur,434628,3.7,41324,199852,312426,379990,19001,29705,36129,0.1,0.1,0.1
Ema Keithel , Manipur,120903,4.4,18864,38844,91311,108783,6060,14246,16973,0.16,0.16,0.16
Maram Village , Manipur,479290,4.1,85610,174404,282703,390903,31151,50496,69822,0.18,0.18,0.18
Shillong , Meghalaya,457684,4.3,99205,74992,272439,451623,16254,59052,97891,0.22,0.22,0.22
Cherrapunji , Meghalaya,143104,4.3,22929,31655,97637,116574,5072,15644,18678,0.16,0.16,0.16
Mawlynnong , Meghalaya,386014,4.2,65292,80908,303286,324594,13685,51299,54903,0.17,0.17,0.17
Dawki , Meghalaya,181495,3.9,32643,21155,133268,150233,3805,23969,27020,0.18,0.18,0.18
Mawsynram , Meghalaya,165518,4.2,37344,70974,99850,157256,16013,22528,35479,0.23,0.23,0.23
Living Root Bridges , Meghalaya,381173,4.9,22398,93838,248854,314102,5514,14622,18456,0.06,0.06,0.06
Umiam Lake , Meghalaya,418274,4.6,65281,44347,250136,360410,6921,39039,56250,0.16,0.16,0.16
Laitlum Canyon , Meghalaya,453588,4.2,99110,63318,328921,430186,13835,71870,93996,0.22,0.22,0.22
Elephant Falls , Meghalaya,487432,4.4,141638,164335,222530,307169,16556,22419,30946,0.1,0.1,0.1
Nongriat , Meghalaya,104108,3.9,12909,27124,74177,92797,3363,9197,11506,0.12,0.12,0.12
Nohkalikai Falls , Meghalaya,328154,4.3,72602,59286,198098,317864,13116,43827,70325,0.22,0.22,0.22
Mawphlang , Meghalaya,487432,4.3,141638,53007,110780,167871,6631,13858,21001,0.13,0.13,0.13
Jowai , Meghalaya,417612,3.8,60566,166640,332735,375727,24167,48256,54491,0.15,0.15,0.15
Balpakram National Park , Meghalaya,179942,4.9,22037,42055,94504,179850,5150,11573,22025,0.12,0.12,0.12
Siju Caves , Meghalaya,304394,4.2,56395,96323,199841,298366,17845,37024,55278,0.19,0.19,0.19
Nongstoin , Meghalaya,274854,4.4,22362,77658,184023,243052,6318,14972,19774,0.08,0.08,0.08
Williamnagar , Meghalaya,143557,3.8,19599,27356,92486,136015,3734,12626,18569,0.14,0.14,0.14
Tura , Meghalaya,152537,4.8,23817,31525,92323,122540,4922,14415,19133,0.16,0.16,0.16
Smit Village , Meghalaya,295408,3.9,26705,126764,183431,256290,11459,16582,23168,0.09,0.09,0.09
Laitkynsew , Meghalaya,349739,3.9,76240,40727,275464,326260,8878,60048,71121,0.22,0.22,0.22
Aizawl , Mizoram,355965,5,60174,164039,255700,295227,27730,43224,49906,0.17,0.17,0.17
Champhai , Mizoram,291959,3.7,23161,116973,194911,269233,9279,15462,21358,0.08,0.08,0.08
Lunglei , Mizoram,447280,4.9,42902,80971,345308,379358,7766,33121,36387,0.1,0.1,0.1
Vantawng Falls , Mizoram,157766,4,34724,23691,86411,145429,5214,19018,32008,0.22,0.22,0.22
Reiek , Mizoram,231098,5,29600,88937,170276,225108,11391,21809,28832,0.13,0.13,0.13
Phawngpui National Park , Mizoram,399599,3.8,43180,105158,246781,360606,11363,26666,38966,0.11,0.11,0.11
Tam Dil Lake , Mizoram,334370,4.2,46031,87849,190364,301637,12093,26206,41524,0.14,0.14,0.14
Serchhip , Mizoram,451474,4.7,96260,77605,344469,378908,16546,73445,80788,0.21,0.21,0.21
Khawnglung Wildlife Sanctuary , Mizoram,405449,4.7,87792,160554,214346,328544,34764,46412,71139,0.22,0.22,0.22
Murlen National Park , Mizoram,205155,4.4,17849,21070,148282,165694,1833,12900,14415,0.09,0.09,0.09
Thenzawl , Mizoram,481009,3.8,28169,192935,371702,444269,11298,21767,26017,0.06,0.06,0.06
Durtlang Hills , Mizoram,411493,4.6,37189,56029,243014,350968,5063,21962,31719,0.09,0.09,0.09
Solomon's Temple , Mizoram,284002,4.6,32395,32834,219611,277067,3745,25050,31604,0.11,0.11,0.11
Hmuifang , Mizoram,137272,3.8,19389,67497,76259,114739,9533,10771,16206,0.14,0.14,0.14
Palak Lake , Mizoram,159682,4.5,19380,57720,114855,128119,7005,13939,15549,0.12,0.12,0.12
Tlawng River , Mizoram,423744,4.5,52176,198933,319663,341686,24494,39360,42072,0.12,0.12,0.12
Saiha , Mizoram,364785,4.1,52749,163633,185932,329319,23661,26886,47620,0.14,0.14,0.14
Pangzawl , Mizoram,356394,3.8,31858,138391,270819,316691,12370,24208,28308,0.09,0.09,0.09
Rih Dil , Mizoram,177728,3.9,30834,26460,114091,149820,4590,19793,25992,0.17,0.17,0.17
Lamsial Puk , Mizoram,263452,3.7,44659,95794,138623,259263,16238,23498,43949,0.17,0.17,0.17
Kohima , Nagaland,175237,4.8,20524,28361,137339,149542,3321,16085,17514,0.12,0.12,0.12
Dimapur , Nagaland,483095,4.3,39126,230678,338541,430684,18682,27418,34881,0.08,0.08,0.08
Mokokchung , Nagaland,300750,3.9,69066,104764,217021,275335,24058,49838,63229,0.23,0.23,0.23
Mon , Nagaland,0,4.5,0,170559,281099,322807,10520,17339,19912,0.06,0.06,0.06
Khonoma Village , Nagaland,455392,3.8,61008,129415,339871,435536,17337,45531,58347,0.13,0.13,0.13
Dzukou Valley , Nagaland,398380,4.7,46976,75969,208509,372696,8958,24586,43947,0.12,0.12,0.12
Japfu Peak , Nagaland,324743,4.5,42964,57322,229878,308109,7583,30413,40763,0.13,0.13,0.13
Tuophema Village , Nagaland,355606,4.4,36273,69052,272449,346385,7043,27790,35332,0.1,0.1,0.1
Longwa Village , Nagaland,270782,4.7,58374,56313,181952,270616,12139,39224,58338,0.22,0.22,0.22
Shilloi Lake , Nagaland,353793,4.6,31753,42068,232817,333918,3775,20895,29969,0.09,0.09,0.09
Dzuleke , Nagaland,190694,4.3,24696,37650,146148,176788,4876,18927,22895,0.13,0.13,0.13
Mount Tiyi , Nagaland,234079,4.5,53928,67064,150056,205608,15450,34570,47368,0.23,0.23,0.23
Pfutsero , Nagaland,275545,4,23909,68917,218316,264081,5980,18943,22914,0.09,0.09,0.09
Pulie Badze Wildlife Sanctuary , Nagaland,339134,5,23266,75213,175469,282707,5159,12037,19394,0.07,0.07,0.07
Intanki National Park , Nagaland,377951,4.1,39534,40420,288814,323197,4227,30210,33806,0.1,0.1,0.1
Tuensang , Nagaland,456260,4.6,28695,173205,351694,391892,10893,22118,24646,0.06,0.06,0.06
Meluri , Nagaland,495127,4.8,78274,96959,260407,409069,15328,41167,64669,0.16,0.16,0.16
Wokha , Nagaland,281395,4.9,40728,51086,208694,247780,7393,30205,35862,0.14,0.14,0.14
Chumukedima Waterfalls , Nagaland,329468,3.8,66942,86662,185110,317200,17608,37611,64449,0.2,0.2,0.2
Kachari Ruins , Nagaland,295666,4.8,15841,141765,213546,255803,7595,11441,13705,0.05,0.05,0.05
Puri , Odisha,233613,3.9,29948,44702,157311,207031,5730,20166,26540,0.13,0.13,0.13
Konark Sun Temple , Odisha,261833,4.3,32332,96937,139975,230015,11970,17284,28403,0.12,0.12,0.12
Bhubaneswar , Odisha,328547,4.8,60521,84328,167687,298511,15534,30889,54988,0.18,0.18,0.18
Chilika Lake , Odisha,350201,4,69502,144816,187420,288050,28740,37196,57167,0.2,0.2,0.2
Nandankanan Zoo , Odisha,399032,4.4,49026,141956,254377,329514,17441,31253,40484,0.12,0.12,0.12
Cuttack , Odisha,211929,4.5,22247,95938,129519,194181,10071,13596,20383,0.1,0.1,0.1
Jagannath Temple , Odisha,355916,4.3,64439,122176,190273,291812,22120,34449,52833,0.18,0.18,0.18
Udayagiri and Khandagiri Caves , Odisha,233524,3.9,16595,71808,121843,205440,5102,8658,14599,0.07,0.07,0.07
Simlipal National Park , Odisha,378639,4.6,61416,160658,264552,312924,26059,42910,50757,0.16,0.16,0.16
Hirakud Dam , Odisha,198133,4.2,29627,73176,133616,170557,10942,19979,25503,0.15,0.15,0.15
Sambalpur , Odisha,460301,3.9,92964,140461,318412,437113,28368,64307,88281,0.2,0.2,0.2
Satkosia Gorge , Odisha,474999,4.5,101180,215843,316806,440157,45977,67483,93758,0.21,0.21,0.21
Chandipur Beach , Odisha,396276,4.1,80208,64242,246009,372158,13003,49793,75326,0.2,0.2,0.2
Lingaraj Temple , Odisha,386365,4.4,30407,97451,221922,,7669,17465,25546,0.08,0.08,0.08
Baripada , Odisha,109229,4.2,14369,44504,83908,90179,5854,11038,11863,0.13,0.13,0.13
Daringbadi , Odisha,163122,4.2,33025,43170,104237,141678,8740,21103,28683,0.2,0.2,0.2
Gopalpur Beach , Odisha,429041,4.9,22482,58862,231854,379295,3084,12149,19875,0.05,0.05,0.05
Kalinga War Memorial , Odisha,296189,3.9,69080,40718,198885,265544,9496,46385,61932,0.23,0.23,0.23
Dhauli Hills , Odisha,291675,5,20104,76748,198476,260904,5289,13680,17983,0.07,0.07,0.07
Taptapani Hot Springs , Odisha,156086,4.7,20317,63800,104915,125063,8304,13656,16278,0.13,0.13,0.13
Golden Temple (Amritsar) , Punjab,198825,4.6,15964,74142,143922,180141,5953,11555,14463,0.08,0.08,0.08
Jallianwala Bagh , Punjab,378413,4.5,41833,154343,234426,342024,17062,25915,37810,0.11,0.11,0.11
Wagah Border , Punjab,206912,4.1,46286,82057,109756,191899,18356,24552,42927,0.22,0.22,0.22
Chandigarh , Punjab,408669,4.1,93375,79622,204832,367498,18192,46801,83968,0.23,0.23,0.23
Anandpur Sahib , Punjab,124793,4.9,7219,29544,86864,102697,1709,5024,5940,0.06,0.06,0.06
Patiala , Punjab,420386,3.8,95889,156968,241889,349068,35804,55174,79621,0.23,0.23,0.23
Ludhiana , Punjab,342885,4.7,31724,67748,218279,323460,6268,20195,29926,0.09,0.09,0.09
Kapurthala , Punjab,194877,4.3,14767,74709,126956,187311,5661,9620,14193,0.08,0.08,0.08
Ropar , Punjab,108911,4.9,16458,15900,76569,102237,2402,11570,15449,0.15,0.15,0.15
Mohali , Punjab,304639,3.9,28647,103938,197553,252160,9773,18577,23712,0.09,0.09,0.09
Bathinda Fort , Punjab,316971,4.6,31226,107817,218514,274294,10621,21526,27021,0.1,0.1,0.1
Qila Mubarak , Punjab,389460,4.7,30731,60169,236709,349484,4747,18677,27576,0.08,0.08,0.08
Hussainiwala Border , Punjab,303061,3.8,45470,64016,190525,244662,9604,28585,36708,0.15,0.15,0.15
Fatehgarh Sahib , Punjab,292342,4.7,41504,45094,151919,284723,6402,21568,40422,0.14,0.14,0.14
Durgiana Temple , Punjab,497315,4.9,35974,112251,337710,469259,8119,24428,33944,0.07,0.07,0.07
Harike Wetland , Punjab,470128,4.2,52122,201088,290969,443985,22294,32259,49223,0.11,0.11,0.11
Virasat-e-Khalsa , Punjab,0,4,141638,101016,294108,374379,7714,22461,28591,0.08,0.08,0.08
Phillaur Fort , Punjab,436135,4,78987,141953,233258,433657,25708,42244,78538,0.18,0.18,0.18
Sheesh Mahal , Punjab,141142,4.2,28894,38368,107360,117720,7854,21978,24099,0.2,0.2,0.2
Khatkar Kalan , Punjab,483936,4.8,71958,68649,351600,391581,10207,52280,58225,0.15,0.15,0.15
